State,County,1000+ Corn Growers
Alabama,BALDWIN,5
Alabama,CALHOUN,3
Alabama,CHEROKEE,2
Alabama,CHILTON,1
Alabama,COFFEE,2
Alabama,COLBERT,16
Alabama,CRENSHAW,1
Alabama,CULLMAN,2
Alabama,DALE,1
Alabama,DALLAS,1
Alabama,DE KALB,6
Alabama,ELMORE,1
Alabama,ESCAMBIA,4
Alabama,ETOWAH,3
Alabama,FAYETTE,1
Alabama,FRANKLIN,2
Alabama,GENEVA,2
Alabama,HALE,1
Alabama,HOUSTON,2
Alabama,JACKSON,8
Alabama,JEFFERSON,5
Alabama,LAUDERDALE,10
Alabama,LAWRENCE,19
Alabama,LIMESTONE,22
Alabama,LOWNDES,3
Alabama,MACON,1
Alabama,MADISON,26
Alabama,MARENGO,1
Alabama,MARSHALL,3
Alabama,MOBILE,4
Alabama,MONROE,1
Alabama,MONTGOMERY,2
Alabama,MORGAN,3
Alabama,PICKENS,3
Alabama,PIKE,1
Alabama,RANDOLPH,1
Alabama,RUSSELL,1
Alabama,SHELBY,2
Alabama,TALLADEGA,6
Alabama,TALLAPOOSA,1
Alabama,TUSCALOOSA,2
Alabama,WASHINGTON,3
Alabama,WILCOX,1
Alaska,KENAI PENINSULA,1
Alaska,MATANUSKA SUSITNA,2
Arizona,APACHE,2
Arizona,COCHISE,11
Arizona,COCONINO,3
Arizona,GILA,1
Arizona,GRAHAM,2
Arizona,LA PAZ,1
Arizona,MARICOPA,103
Arizona,MOHAVE,4
Arizona,PIMA,8
Arizona,PINAL,19
Arizona,YAVAPAI,5
Arizona,YUMA,8
Arkansas,ARKANSAS,48
Arkansas,ASHLEY,36
Arkansas,BAXTER,2
Arkansas,BENTON,2
Arkansas,BOONE,2
Arkansas,CARROLL,1
Arkansas,CHICOT,36
Arkansas,CLAY,20
Arkansas,CLEBURNE,1
Arkansas,CLEVELAND,1
Arkansas,CONWAY,4
Arkansas,CRAIGHEAD,36
Arkansas,CRAWFORD,2
Arkansas,CRITTENDEN,14
Arkansas,CROSS,18
Arkansas,DALLAS,1
Arkansas,DESHA,32
Arkansas,DREW,13
Arkansas,FAULKNER,7
Arkansas,FULTON,2
Arkansas,GARLAND,2
Arkansas,GRANT,1
Arkansas,GREENE,25
Arkansas,HOT SPRING,1
Arkansas,INDEPENDENCE,3
Arkansas,JACKSON,26
Arkansas,JEFFERSON,32
Arkansas,JOHNSON,1
Arkansas,LAFAYETTE,11
Arkansas,LAWRENCE,9
Arkansas,LEE,28
Arkansas,LINCOLN,18
Arkansas,LITTLE RIVER,4
Arkansas,LOGAN,2
Arkansas,LONOKE,37
Arkansas,MADISON,1
Arkansas,MARION,3
Arkansas,MILLER,10
Arkansas,MISSISSIPPI,54
Arkansas,MONROE,22
Arkansas,MONTGOMERY,1
Arkansas,PERRY,1
Arkansas,PHILLIPS,47
Arkansas,POINSETT,16
Arkansas,POPE,1
Arkansas,PRAIRIE,26
Arkansas,PULASKI,23
Arkansas,RANDOLPH,4
Arkansas,SAINT FRANCIS,13
Arkansas,SALINE,2
Arkansas,SCOTT,1
Arkansas,SEVIER,1
Arkansas,UNION,2
Arkansas,VAN BUREN,1
Arkansas,WASHINGTON,8
Arkansas,WHITE,4
Arkansas,WOODRUFF,23
California,ALAMEDA,3
California,COLUSA,5
California,CONTRA COSTA,5
California,EL DORADO,1
California,FRESNO,19
California,GLENN,5
California,HUMBOLDT,2
California,IMPERIAL,5
California,INYO,1
California,KERN,22
California,KINGS,25
California,LAKE,1
California,LASSEN,1
California,LOS ANGELES,23
California,MADERA,12
California,MARIN,4
California,MENDOCINO,1
California,MERCED,30
California,MODOC,2
California,MONTEREY,1
California,NAPA,2
California,NEVADA,1
California,ORANGE,11
California,PLACER,2
California,RIVERSIDE,10
California,SACRAMENTO,45
California,SAN BERNARDINO,6
California,SAN DIEGO,19
California,SAN FRANCISCO,3
California,SAN JOAQUIN,44
California,SAN LUIS OBISPO,7
California,SAN MATEO,2
California,SANTA BARBARA,2
California,SANTA CLARA,8
California,SANTA CRUZ,2
California,SHASTA,1
California,SOLANO,8
California,SONOMA,3
California,STANISLAUS,19
California,SUTTER,5
California,TULARE,54
California,VENTURA,3
California,YOLO,26
California,YUBA,1
Colorado,ADAMS,30
Colorado,ALAMOSA,1
Colorado,ARAPAHOE,29
Colorado,BACA,31
Colorado,BENT,5
Colorado,BOULDER,20
Colorado,BROOMFIELD,2
Colorado,CHAFFEE,2
Colorado,CHEYENNE,17
Colorado,CONEJOS,1
Colorado,DELTA,7
Colorado,DENVER,36
Colorado,DOUGLAS,18
Colorado,EL PASO,34
Colorado,ELBERT,7
Colorado,FREMONT,2
Colorado,GARFIELD,1
Colorado,GRAND,1
Colorado,GUNNISON,2
Colorado,HUERFANO,1
Colorado,JEFFERSON,24
Colorado,KIOWA,14
Colorado,KIT CARSON,114
Colorado,LARIMER,34
Colorado,LINCOLN,11
Colorado,LOGAN,75
Colorado,MESA,3
Colorado,MOFFAT,1
Colorado,MONTROSE,4
Colorado,MORGAN,45
Colorado,OTERO,4
Colorado,PARK,1
Colorado,PHILLIPS,108
Colorado,PROWERS,14
Colorado,PUEBLO,8
Colorado,RIO GRANDE,2
Colorado,ROUTT,1
Colorado,SAGUACHE,2
Colorado,SEDGWICK,43
Colorado,TELLER,1
Colorado,WASHINGTON,34
Colorado,WELD,103
Colorado,YUMA,175
Connecticut,CAPITOL,2
Connecticut,FAIRFIELD,6
Connecticut,HARTFORD,4
Connecticut,LITCHFIELD,3
Connecticut,LOWER CT RIVER VLY,1
Connecticut,NEW LONDON,3
Connecticut,NORTHEASTERN CT,1
Connecticut,TOLLAND,10
Connecticut,WINDHAM,3
Delaware,KENT,37
Delaware,NEW CASTLE,15
Delaware,SUSSEX,71
District of Columbia,DISTRICT OF COLUMBIA,9
Florida,ALACHUA,2
Florida,BAY,2
Florida,BREVARD,6
Florida,BROWARD,7
Florida,CALHOUN,1
Florida,CHARLOTTE,4
Florida,CITRUS,1
Florida,COLLIER,10
Florida,COLUMBIA,1
Florida,DESOTO,2
Florida,DIXIE,2
Florida,DUVAL,3
Florida,ESCAMBIA,4
Florida,FLAGLER,1
Florida,GADSDEN,1
Florida,GILCHRIST,4
Florida,GLADES,2
Florida,HENDRY,3
Florida,HERNANDO,1
Florida,HIGHLANDS,9
Florida,HILLSBOROUGH,3
Florida,HOLMES,1
Florida,INDIAN RIVER,1
Florida,JACKSON,5
Florida,JEFFERSON,4
Florida,LAFAYETTE,1
Florida,LAKE,5
Florida,LEE,14
Florida,LEON,2
Florida,LEVY,1
Florida,MADISON,5
Florida,MANATEE,3
Florida,MARION,3
Florida,MARTIN,2
Florida,MIAMI-DADE,11
Florida,MONROE,1
Florida,OKEECHOBEE,2
Florida,ORANGE,11
Florida,OSCEOLA,1
Florida,PALM BEACH,17
Florida,PASCO,4
Florida,PINELLAS,6
Florida,POLK,5
Florida,SAINT JOHNS,2
Florida,SAINT LUCIE,1
Florida,SANTA ROSA,5
Florida,SARASOTA,9
Florida,SEMINOLE,2
Florida,SUMTER,5
Florida,SUWANNEE,3
Florida,UNION,1
Florida,VOLUSIA,1
Florida,WAKULLA,1
Florida,WALTON,1
Georgia,APPLING,6
Georgia,BAKER,10
Georgia,BARTOW,1
Georgia,BERRIEN,1
Georgia,BIBB,1
Georgia,BRANTLEY,1
Georgia,BROOKS,4
Georgia,BRYAN,1
Georgia,BULLOCH,5
Georgia,BURKE,10
Georgia,CALHOUN,6
Georgia,CARROLL,3
Georgia,CHATHAM,3
Georgia,CLARKE,1
Georgia,COBB,4
Georgia,COFFEE,8
Georgia,COLQUITT,5
Georgia,CRISP,1
Georgia,DECATUR,10
Georgia,DEKALB,3
Georgia,DODGE,1
Georgia,DOOLY,8
Georgia,DOUGHERTY,6
Georgia,EARLY,3
Georgia,ECHOLS,1
Georgia,EFFINGHAM,1
Georgia,EMANUEL,1
Georgia,EVANS,4
Georgia,FAYETTE,1
Georgia,FLOYD,2
Georgia,FORSYTH,4
Georgia,FULTON,11
Georgia,GILMER,2
Georgia,GORDON,1
Georgia,GRADY,4
Georgia,GREENE,1
Georgia,GWINNETT,2
Georgia,HART,1
Georgia,HENRY,2
Georgia,HOUSTON,1
Georgia,IRWIN,5
Georgia,JEFF DAVIS,6
Georgia,JEFFERSON,4
Georgia,JENKINS,1
Georgia,LAURENS,1
Georgia,LEE,8
Georgia,LINCOLN,1
Georgia,LOWNDES,1
Georgia,MACON,3
Georgia,MADISON,1
Georgia,MILLER,6
Georgia,MITCHELL,9
Georgia,MONTGOMERY,4
Georgia,MORGAN,2
Georgia,MURRAY,2
Georgia,OGLETHORPE,2
Georgia,PICKENS,1
Georgia,PIERCE,6
Georgia,PULASKI,1
Georgia,PUTNAM,1
Georgia,RANDOLPH,4
Georgia,RICHMOND,1
Georgia,SCREVEN,6
Georgia,SEMINOLE,11
Georgia,SPALDING,1
Georgia,SUMTER,13
Georgia,TATTNALL,4
Georgia,TELFAIR,1
Georgia,TERRELL,14
Georgia,THOMAS,6
Georgia,TOOMBS,41
Georgia,TURNER,1
Georgia,TWIGGS,1
Georgia,UPSON,1
Georgia,WALKER,1
Georgia,WARE,2
Georgia,WASHINGTON,1
Georgia,WAYNE,2
Georgia,WEBSTER,1
Georgia,WILKES,1
Georgia,WORTH,2
Hawaii,HONOLULU,5
Hawaii,MAUI,2
Idaho,ADA,15
Idaho,BANNOCK,2
Idaho,BINGHAM,9
Idaho,BLAINE,1
Idaho,BONNEVILLE,8
Idaho,CAMAS,1
Idaho,CANYON,28
Idaho,CARIBOU,3
Idaho,CASSIA,28
Idaho,CUSTER,1
Idaho,ELMORE,13
Idaho,GEM,2
Idaho,GOODING,23
Idaho,IDAHO,1
Idaho,JEFFERSON,3
Idaho,JEROME,23
Idaho,LATAH,4
Idaho,LEWIS,1
Idaho,LINCOLN,6
Idaho,MADISON,3
Idaho,MINIDOKA,18
Idaho,ONEIDA,1
Idaho,OWYHEE,11
Idaho,PAYETTE,1
Idaho,POWER,8
Idaho,TWIN FALLS,30
Illinois,ADAMS,87
Illinois,ALEXANDER,4
Illinois,BOND,24
Illinois,BOONE,34
Illinois,BROWN,15
Illinois,BUREAU,90
Illinois,CALHOUN,1
Illinois,CARROLL,79
Illinois,CASS,28
Illinois,CHAMPAIGN,157
Illinois,CHRISTIAN,92
Illinois,CLARK,61
Illinois,CLAY,25
Illinois,CLINTON,45
Illinois,COLES,65
Illinois,COOK,56
Illinois,CRAWFORD,47
Illinois,CUMBERLAND,22
Illinois,DEKALB,114
Illinois,DEWITT,43
Illinois,DOUGLAS,71
Illinois,DUPAGE,37
Illinois,EDGAR,55
Illinois,EDWARDS,17
Illinois,EFFINGHAM,52
Illinois,FAYETTE,40
Illinois,FORD,56
Illinois,FRANKLIN,26
Illinois,FULTON,51
Illinois,GALLATIN,48
Illinois,GREENE,31
Illinois,GRUNDY,56
Illinois,HAMILTON,25
Illinois,HANCOCK,85
Illinois,HARDIN,1
Illinois,HENDERSON,13
Illinois,HENRY,105
Illinois,IROQUOIS,140
Illinois,JACKSON,17
Illinois,JASPER,28
Illinois,JEFFERSON,17
Illinois,JERSEY,34
Illinois,JO DAVIESS,48
Illinois,JOHNSON,6
Illinois,KANE,62
Illinois,KANKAKEE,107
Illinois,KENDALL,44
Illinois,KNOX,94
Illinois,LA SALLE,115
Illinois,LAKE,17
Illinois,LAWRENCE,35
Illinois,LEE,100
Illinois,LIVINGSTON,120
Illinois,LOGAN,77
Illinois,MACON,80
Illinois,MACOUPIN,84
Illinois,MADISON,57
Illinois,MARION,29
Illinois,MARSHALL,38
Illinois,MASON,50
Illinois,MASSAC,11
Illinois,MCDONOUGH,77
Illinois,MCHENRY,61
Illinois,MCLEAN,174
Illinois,MENARD,39
Illinois,MERCER,73
Illinois,MONROE,25
Illinois,MONTGOMERY,64
Illinois,MORGAN,67
Illinois,MOULTRIE,41
Illinois,OGLE,111
Illinois,PEORIA,76
Illinois,PERRY,13
Illinois,PIATT,66
Illinois,PIKE,78
Illinois,PULASKI,5
Illinois,PUTNAM,15
Illinois,RANDOLPH,30
Illinois,RICHLAND,39
Illinois,ROCK ISLAND,40
Illinois,SAINT CLAIR,52
Illinois,SALINE,30
Illinois,SANGAMON,143
Illinois,SCHUYLER,16
Illinois,SCOTT,20
Illinois,SHELBY,60
Illinois,STARK,25
Illinois,STEPHENSON,82
Illinois,TAZEWELL,89
Illinois,UNION,9
Illinois,VERMILION,109
Illinois,WABASH,34
Illinois,WARREN,70
Illinois,WASHINGTON,55
Illinois,WAYNE,29
Illinois,WHITE,62
Illinois,WHITESIDE,108
Illinois,WILL,89
Illinois,WILLIAMSON,6
Illinois,WINNEBAGO,54
Illinois,WOODFORD,63
Indiana,ADAMS,41
Indiana,ALLEN,42
Indiana,BARTHOLOMEW,40
Indiana,BENTON,56
Indiana,BLACKFORD,17
Indiana,BOONE,57
Indiana,BROWN,1
Indiana,CARROLL,82
Indiana,CASS,37
Indiana,CLARK,11
Indiana,CLAY,44
Indiana,CLINTON,67
Indiana,CRAWFORD,1
Indiana,DAVIESS,51
Indiana,DEARBORN,6
Indiana,DECATUR,50
Indiana,DEKALB,20
Indiana,DELAWARE,40
Indiana,DUBOIS,48
Indiana,ELKHART,44
Indiana,FAYETTE,22
Indiana,FLOYD,3
Indiana,FOUNTAIN,33
Indiana,FRANKLIN,20
Indiana,FULTON,58
Indiana,GIBSON,52
Indiana,GRANT,51
Indiana,GREENE,23
Indiana,HAMILTON,57
Indiana,HANCOCK,49
Indiana,HARRISON,21
Indiana,HENDRICKS,48
Indiana,HENRY,37
Indiana,HOWARD,41
Indiana,HUNTINGTON,29
Indiana,JACKSON,34
Indiana,JASPER,96
Indiana,JAY,23
Indiana,JEFFERSON,9
Indiana,JENNINGS,20
Indiana,JOHNSON,35
Indiana,KNOX,105
Indiana,KOSCIUSKO,62
Indiana,LA PORTE,78
Indiana,LAGRANGE,30
Indiana,LAKE,36
Indiana,LAWRENCE,13
Indiana,MADISON,62
Indiana,MARION,25
Indiana,MARSHALL,53
Indiana,MARTIN,7
Indiana,MIAMI,33
Indiana,MONROE,8
Indiana,MONTGOMERY,65
Indiana,MORGAN,37
Indiana,NEWTON,45
Indiana,NOBLE,26
Indiana,ORANGE,13
Indiana,OWEN,9
Indiana,PARKE,41
Indiana,PERRY,6
Indiana,PIKE,7
Indiana,PORTER,37
Indiana,POSEY,62
Indiana,PULASKI,83
Indiana,PUTNAM,36
Indiana,RANDOLPH,43
Indiana,RIPLEY,28
Indiana,RUSH,55
Indiana,SCOTT,8
Indiana,SHELBY,55
Indiana,SPENCER,26
Indiana,ST JOSEPH,57
Indiana,STARKE,41
Indiana,STEUBEN,24
Indiana,SULLIVAN,50
Indiana,SWITZERLAND,4
Indiana,TIPPECANOE,108
Indiana,TIPTON,57
Indiana,UNION,7
Indiana,VANDERBURGH,45
Indiana,VERMILLION,30
Indiana,VIGO,33
Indiana,WABASH,50
Indiana,WARREN,35
Indiana,WARRICK,28
Indiana,WASHINGTON,21
Indiana,WAYNE,32
Indiana,WELLS,47
Indiana,WHITE,91
Indiana,WHITLEY,36
Iowa,ADAIR,39
Iowa,ADAMS,22
Iowa,ALLAMAKEE,42
Iowa,APPANOOSE,12
Iowa,AUDUBON,37
Iowa,BENTON,73
Iowa,BLACK HAWK,75
Iowa,BOONE,79
Iowa,BREMER,56
Iowa,BUCHANAN,79
Iowa,BUENA VISTA,55
Iowa,BUTLER,47
Iowa,CALHOUN,51
Iowa,CARROLL,80
Iowa,CASS,58
Iowa,CEDAR,57
Iowa,CERRO GORDO,92
Iowa,CHEROKEE,55
Iowa,CHICKASAW,58
Iowa,CLARKE,15
Iowa,CLAY,53
Iowa,CLAYTON,64
Iowa,CLINTON,83
Iowa,CRAWFORD,78
Iowa,DALLAS,85
Iowa,DAVIS,12
Iowa,DECATUR,17
Iowa,DELAWARE,60
Iowa,DES MOINES,26
Iowa,DICKINSON,35
Iowa,DUBUQUE,48
Iowa,EMMET,42
Iowa,FAYETTE,67
Iowa,FLOYD,51
Iowa,FRANKLIN,59
Iowa,FREMONT,67
Iowa,GREENE,84
Iowa,GRUNDY,71
Iowa,GUTHRIE,66
Iowa,HAMILTON,83
Iowa,HANCOCK,59
Iowa,HARDIN,79
Iowa,HARRISON,74
Iowa,HENRY,32
Iowa,HOWARD,54
Iowa,HUMBOLDT,35
Iowa,IDA,50
Iowa,IOWA,55
Iowa,JACKSON,43
Iowa,JASPER,75
Iowa,JEFFERSON,24
Iowa,JOHNSON,60
Iowa,JONES,63
Iowa,KEOKUK,46
Iowa,KOSSUTH,119
Iowa,LEE,35
Iowa,LINN,107
Iowa,LOUISA,25
Iowa,LUCAS,8
Iowa,LYON,70
Iowa,MADISON,29
Iowa,MAHASKA,57
Iowa,MARION,43
Iowa,MARSHALL,75
Iowa,MILLS,36
Iowa,MITCHELL,54
Iowa,MONONA,70
Iowa,MONROE,9
Iowa,MONTGOMERY,36
Iowa,MUSCATINE,38
Iowa,OBRIEN,68
Iowa,OSCEOLA,41
Iowa,PAGE,40
Iowa,PALO ALTO,74
Iowa,PLYMOUTH,91
Iowa,POCAHONTAS,50
Iowa,POLK,140
Iowa,POTTAWATTAMIE,126
Iowa,POWESHIEK,51
Iowa,RINGGOLD,14
Iowa,SAC,75
Iowa,SCOTT,67
Iowa,SHELBY,51
Iowa,SIOUX,122
Iowa,STORY,97
Iowa,TAMA,66
Iowa,TAYLOR,37
Iowa,UNION,23
Iowa,VAN BUREN,18
Iowa,WAPELLO,25
Iowa,WARREN,38
Iowa,WASHINGTON,63
Iowa,WAYNE,27
Iowa,WEBSTER,81
Iowa,WINNEBAGO,44
Iowa,WINNESHIEK,62
Iowa,WOODBURY,106
Iowa,WORTH,25
Iowa,WRIGHT,67
Kansas,ALLEN,13
Kansas,ANDERSON,18
Kansas,ATCHISON,21
Kansas,BARBER,6
Kansas,BARTON,35
Kansas,BOURBON,9
Kansas,BROWN,82
Kansas,BUTLER,45
Kansas,CHASE,3
Kansas,CHAUTAUQUA,2
Kansas,CHEROKEE,23
Kansas,CHEYENNE,34
Kansas,CLARK,3
Kansas,CLAY,18
Kansas,CLOUD,18
Kansas,COFFEY,19
Kansas,COWLEY,8
Kansas,CRAWFORD,31
Kansas,DECATUR,68
Kansas,DICKINSON,6
Kansas,DONIPHAN,41
Kansas,DOUGLAS,31
Kansas,EDWARDS,36
Kansas,ELK,2
Kansas,ELLIS,16
Kansas,ELLSWORTH,2
Kansas,FINNEY,87
Kansas,FORD,38
Kansas,FRANKLIN,18
Kansas,GEARY,9
Kansas,GOVE,34
Kansas,GRAHAM,15
Kansas,GRANT,35
Kansas,GRAY,53
Kansas,GREELEY,25
Kansas,GREENWOOD,3
Kansas,HAMILTON,16
Kansas,HARPER,5
Kansas,HARVEY,35
Kansas,HASKELL,60
Kansas,HODGEMAN,8
Kansas,JACKSON,11
Kansas,JEFFERSON,23
Kansas,JEWELL,19
Kansas,JOHNSON,61
Kansas,KEARNY,29
Kansas,KINGMAN,12
Kansas,KIOWA,11
Kansas,LABETTE,17
Kansas,LANE,22
Kansas,LEAVENWORTH,12
Kansas,LINCOLN,3
Kansas,LINN,8
Kansas,LOGAN,34
Kansas,LYON,21
Kansas,MARION,21
Kansas,MARSHALL,41
Kansas,MCPHERSON,16
Kansas,MEADE,48
Kansas,MIAMI,8
Kansas,MITCHELL,16
Kansas,MONTGOMERY,24
Kansas,MORRIS,6
Kansas,MORTON,18
Kansas,NEMAHA,43
Kansas,NEOSHO,15
Kansas,NESS,9
Kansas,NORTON,60
Kansas,OSAGE,10
Kansas,OSBORNE,8
Kansas,OTTAWA,3
Kansas,PAWNEE,30
Kansas,PHILLIPS,43
Kansas,POTTAWATOMIE,31
Kansas,PRATT,39
Kansas,RAWLINS,54
Kansas,RENO,21
Kansas,REPUBLIC,36
Kansas,RICE,16
Kansas,RILEY,26
Kansas,ROOKS,11
Kansas,RUSH,1
Kansas,RUSSELL,2
Kansas,SALINE,11
Kansas,SCOTT,56
Kansas,SEDGWICK,73
Kansas,SEWARD,20
Kansas,SHAWNEE,32
Kansas,SHERIDAN,84
Kansas,SHERMAN,94
Kansas,SMITH,41
Kansas,STAFFORD,22
Kansas,STANTON,54
Kansas,STEVENS,85
Kansas,SUMNER,26
Kansas,THAYER,2
Kansas,THOMAS,141
Kansas,TREGO,15
Kansas,WABAUNSEE,8
Kansas,WALLACE,50
Kansas,WASHINGTON,55
Kansas,WICHITA,51
Kansas,WILSON,23
Kansas,WOODSON,14
Kansas,WYANDOTTE,4
Kentucky,(blank),1
Kentucky,ADAIR,2
Kentucky,ALLEN,2
Kentucky,ANDERSON,2
Kentucky,BALLARD,13
Kentucky,BARREN,6
Kentucky,BATH,1
Kentucky,BOONE,2
Kentucky,BOURBON,2
Kentucky,BREATHITT,1
Kentucky,BRECKINRIDGE,8
Kentucky,BUTLER,7
Kentucky,CALDWELL,8
Kentucky,CALLOWAY,26
Kentucky,CARLISLE,17
Kentucky,CARTER,1
Kentucky,CASEY,2
Kentucky,CHRISTIAN,58
Kentucky,CLARK,2
Kentucky,CRITTENDEN,7
Kentucky,DAVIESS,98
Kentucky,EDMONSON,1
Kentucky,FAYETTE,6
Kentucky,FLEMING,3
Kentucky,FRANKLIN,2
Kentucky,FULTON,14
Kentucky,GARRARD,1
Kentucky,GRANT,1
Kentucky,GRAVES,55
Kentucky,GRAYSON,2
Kentucky,GREEN,3
Kentucky,GREENUP,1
Kentucky,HANCOCK,4
Kentucky,HARDIN,11
Kentucky,HARRISON,2
Kentucky,HART,4
Kentucky,HENDERSON,45
Kentucky,HENRY,4
Kentucky,HICKMAN,20
Kentucky,HOPKINS,12
Kentucky,JEFFERSON,7
Kentucky,JESSAMINE,1
Kentucky,KENTON,1
Kentucky,LARUE,7
Kentucky,LAUREL,1
Kentucky,LINCOLN,3
Kentucky,LIVINGSTON,7
Kentucky,LOGAN,31
Kentucky,LYON,7
Kentucky,MADISON,3
Kentucky,MARSHALL,7
Kentucky,MCCRACKEN,7
Kentucky,MCLEAN,18
Kentucky,MEADE,9
Kentucky,MERCER,3
Kentucky,METCALFE,3
Kentucky,MONROE,1
Kentucky,MONTGOMERY,1
Kentucky,MUHLENBERG,5
Kentucky,NELSON,12
Kentucky,NICHOLAS,2
Kentucky,OHIO,15
Kentucky,PULASKI,3
Kentucky,ROBERTSON,1
Kentucky,ROCKCASTLE,1
Kentucky,RUSSELL,4
Kentucky,SCOTT,2
Kentucky,SHELBY,9
Kentucky,SIMPSON,15
Kentucky,SPENCER,5
Kentucky,TAYLOR,2
Kentucky,TODD,38
Kentucky,TRIGG,21
Kentucky,TRIMBLE,1
Kentucky,UNION,90
Kentucky,WARREN,16
Kentucky,WASHINGTON,2
Kentucky,WAYNE,3
Kentucky,WEBSTER,26
Kentucky,WOODFORD,1
Louisiana,ACADIA,1
Louisiana,AVOYELLES,8
Louisiana,BEAUREGARD,2
Louisiana,BOSSIER,1
Louisiana,CADDO,14
Louisiana,CALCASIEU,4
Louisiana,CALDWELL,4
Louisiana,CATAHOULA,20
Louisiana,CONCORDIA,19
Louisiana,DE SOTO,3
Louisiana,EAST BATON ROUGE,6
Louisiana,EAST CARROLL,35
Louisiana,EVANGELINE,1
Louisiana,FRANKLIN,71
Louisiana,GRANT,2
Louisiana,IBERVILLE,1
Louisiana,JEFFERSON,1
Louisiana,JEFFERSON DAVIS,3
Louisiana,LA SALLE,2
Louisiana,LAFAYETTE,2
Louisiana,LINCOLN,1
Louisiana,MADISON,71
Louisiana,MOREHOUSE,76
Louisiana,NATCHITOCHES,18
Louisiana,ORLEANS,5
Louisiana,OUACHITA,31
Louisiana,POINTE COUPEE,12
Louisiana,RAPIDES,7
Louisiana,RED RIVER,1
Louisiana,RICHLAND,53
Louisiana,SAINT CHARLES,2
Louisiana,SAINT LANDRY,8
Louisiana,SAINT MARTIN,1
Louisiana,SAINT TAMMANY,2
Louisiana,ST JOHN THE BAPTIST,1
Louisiana,TENSAS,40
Louisiana,UNION,1
Louisiana,VERMILION,1
Louisiana,VERNON,1
Louisiana,WASHINGTON,1
Louisiana,WEST BATON ROUGE,1
Louisiana,WEST CARROLL,33
Maine,AROOSTOOK,1
Maine,CUMBERLAND,3
Maine,OXFORD,1
Maine,PENOBSCOT,11
Maine,PISCATAQUIS,1
Maine,SOMERSET,1
Maryland,ANNE ARUNDEL,4
Maryland,BALTIMORE,5
Maryland,CALVERT,1
Maryland,CAROLINE,18
Maryland,CARROLL,25
Maryland,CECIL,6
Maryland,CHARLES,2
Maryland,DORCHESTER,8
Maryland,FREDERICK,15
Maryland,GARRETT,2
Maryland,HARFORD,16
Maryland,KENT,24
Maryland,MONTGOMERY,13
Maryland,PRINCE GEORGES,1
Maryland,QUEEN ANNES,20
Maryland,SAINT MARYS,4
Maryland,SOMERSET,4
Maryland,TALBOT,20
Maryland,WASHINGTON,4
Maryland,WICOMICO,15
Maryland,WORCESTER,28
Massachusetts,BERKSHIRE,2
Massachusetts,BRISTOL,1
Massachusetts,ESSEX,1
Massachusetts,FRANKLIN,2
Massachusetts,HAMPDEN,2
Massachusetts,MIDDLESEX,6
Massachusetts,NORFOLK,4
Massachusetts,PLYMOUTH,1
Massachusetts,SUFFOLK,2
Massachusetts,WORCESTER,3
Michigan,ALCONA,1
Michigan,ALLEGAN,70
Michigan,ALPENA,2
Michigan,ANTRIM,1
Michigan,ARENAC,4
Michigan,BARRY,18
Michigan,BAY,29
Michigan,BENZIE,1
Michigan,BERRIEN,43
Michigan,BRANCH,50
Michigan,CALHOUN,40
Michigan,CASS,51
Michigan,CHEBOYGAN,1
Michigan,CHIPPEWA,2
Michigan,CLARE,1
Michigan,CLINTON,42
Michigan,EATON,29
Michigan,EMMET,1
Michigan,GENESEE,22
Michigan,GLADWIN,3
Michigan,GRAND TRAVERSE,6
Michigan,GRATIOT,55
Michigan,HILLSDALE,35
Michigan,HURON,82
Michigan,INGHAM,50
Michigan,IONIA,29
Michigan,IOSCO,5
Michigan,ISABELLA,25
Michigan,JACKSON,31
Michigan,KALAMAZOO,44
Michigan,KENT,40
Michigan,LAPEER,20
Michigan,LEELANAU,1
Michigan,LENAWEE,52
Michigan,LIVINGSTON,12
Michigan,MACOMB,8
Michigan,MANISTEE,1
Michigan,MARQUETTE,1
Michigan,MASON,5
Michigan,MECOSTA,7
Michigan,MENOMINEE,3
Michigan,MIDLAND,23
Michigan,MISSAUKEE,14
Michigan,MONROE,25
Michigan,MONTCALM,46
Michigan,MUSKEGON,10
Michigan,NEWAYGO,14
Michigan,OAKLAND,12
Michigan,OCEANA,12
Michigan,OGEMAW,2
Michigan,ONTONAGON,1
Michigan,OSCEOLA,3
Michigan,OTSEGO,3
Michigan,OTTAWA,32
Michigan,SAGINAW,55
Michigan,SAINT CLAIR,12
Michigan,SAINT JOSEPH,58
Michigan,SANILAC,57
Michigan,SHIAWASSEE,24
Michigan,TUSCOLA,46
Michigan,VAN BUREN,22
Michigan,WASHTENAW,27
Michigan,WAYNE,7
Michigan,WEXFORD,2
Minnesota,ANOKA,7
Minnesota,BECKER,50
Minnesota,BELTRAMI,3
Minnesota,BENTON,13
Minnesota,BIG STONE,37
Minnesota,BLUE EARTH,94
Minnesota,BROWN,72
Minnesota,CARVER,34
Minnesota,CASS,4
Minnesota,CHIPPEWA,73
Minnesota,CHISAGO,4
Minnesota,CLAY,95
Minnesota,CLEARWATER,2
Minnesota,COTTONWOOD,66
Minnesota,CROW WING,3
Minnesota,DAKOTA,76
Minnesota,DEUEL,1
Minnesota,DODGE,62
Minnesota,DOUGLAS,25
Minnesota,FARIBAULT,77
Minnesota,FILLMORE,68
Minnesota,FREEBORN,73
Minnesota,GOODHUE,64
Minnesota,GRANT,70
Minnesota,HENNEPIN,78
Minnesota,HOUSTON,18
Minnesota,HUBBARD,23
Minnesota,ISANTI,18
Minnesota,JACKSON,76
Minnesota,KANABEC,8
Minnesota,KANDIYOHI,136
Minnesota,KITTSON,7
Minnesota,KOOCHICHING,1
Minnesota,LAC QUI PARLE,49
Minnesota,LAKE,1
Minnesota,LAKE OF THE WOODS,2
Minnesota,LE SUEUR,37
Minnesota,LINCOLN,38
Minnesota,LYON,83
Minnesota,MAHNOMEN,11
Minnesota,MARSHALL,17
Minnesota,MARTIN,118
Minnesota,MCLEOD,64
Minnesota,MEEKER,63
Minnesota,MILLE LACS,9
Minnesota,MOODY,2
Minnesota,MORRISON,39
Minnesota,MOWER,88
Minnesota,MURRAY,69
Minnesota,NICOLLET,64
Minnesota,NOBLES,81
Minnesota,NORMAN,41
Minnesota,OLMSTED,90
Minnesota,OTTER TAIL,76
Minnesota,PENNINGTON,7
Minnesota,PINE,5
Minnesota,PIPESTONE,36
Minnesota,POLK,66
Minnesota,POPE,50
Minnesota,RAMSEY,12
Minnesota,RED LAKE,6
Minnesota,REDWOOD,95
Minnesota,RENVILLE,162
Minnesota,RICE,60
Minnesota,ROBERTS,4
Minnesota,ROCK,40
Minnesota,ROSEAU,7
Minnesota,SCOTT,30
Minnesota,SHERBURNE,26
Minnesota,SIBLEY,63
Minnesota,STEARNS,95
Minnesota,STEELE,54
Minnesota,STEVENS,88
Minnesota,SWIFT,72
Minnesota,TODD,22
Minnesota,TRAVERSE,56
Minnesota,WABASHA,29
Minnesota,WADENA,6
Minnesota,WASECA,36
Minnesota,WASHINGTON,20
Minnesota,WATONWAN,43
Minnesota,WILKIN,65
Minnesota,WINONA,35
Minnesota,WRIGHT,40
Minnesota,YELLOW MEDICINE,62
Mississippi,ADAMS,4
Mississippi,ALCORN,5
Mississippi,ATTALA,2
Mississippi,BOLIVAR,31
Mississippi,CALHOUN,2
Mississippi,CARROLL,9
Mississippi,CHICKASAW,3
Mississippi,CLAIBORNE,3
Mississippi,CLAY,2
Mississippi,COAHOMA,22
Mississippi,DESOTO,10
Mississippi,FORREST,2
Mississippi,GRENADA,2
Mississippi,HINDS,24
Mississippi,HOLMES,19
Mississippi,HUMPHREYS,20
Mississippi,ISSAQUENA,6
Mississippi,LAFAYETTE,2
Mississippi,LAUDERDALE,3
Mississippi,LAWRENCE,2
Mississippi,LEE,3
Mississippi,LEFLORE,63
Mississippi,LOWNDES,5
Mississippi,MADISON,16
Mississippi,MARSHALL,4
Mississippi,MONROE,7
Mississippi,NOXUBEE,15
Mississippi,PANOLA,13
Mississippi,PERRY,1
Mississippi,PIKE,1
Mississippi,PONTOTOC,3
Mississippi,PRENTISS,1
Mississippi,QUITMAN,5
Mississippi,RANKIN,8
Mississippi,SCOTT,1
Mississippi,SHARKEY,25
Mississippi,SUNFLOWER,35
Mississippi,TALLAHATCHIE,10
Mississippi,TATE,1
Mississippi,TIPPAH,3
Mississippi,TUNICA,21
Mississippi,UNION,2
Mississippi,WALTHALL,2
Mississippi,WARREN,10
Mississippi,WASHINGTON,69
Mississippi,WEBSTER,4
Mississippi,YALOBUSHA,4
Mississippi,YAZOO,44
Missouri,ADAIR,3
Missouri,ANDREW,24
Missouri,ATCHISON,58
Missouri,AUDRAIN,38
Missouri,BARRY,2
Missouri,BARTON,26
Missouri,BATES,36
Missouri,BENTON,2
Missouri,BOLLINGER,3
Missouri,BOONE,18
Missouri,BUCHANAN,20
Missouri,BUTLER,15
Missouri,CALDWELL,8
Missouri,CALLAWAY,21
Missouri,CAMDEN,1
Missouri,CAPE GIRARDEAU,11
Missouri,CARROLL,44
Missouri,CASS,21
Missouri,CEDAR,2
Missouri,CHARITON,27
Missouri,CHRISTIAN,3
Missouri,CLARK,14
Missouri,CLAY,18
Missouri,CLINTON,15
Missouri,COLE,8
Missouri,COOPER,20
Missouri,DADE,9
Missouri,DALLAS,2
Missouri,DAVIESS,11
Missouri,DEKALB,15
Missouri,DUNKLIN,25
Missouri,FRANKLIN,11
Missouri,GASCONADE,1
Missouri,GENTRY,14
Missouri,GREENE,3
Missouri,GRUNDY,19
Missouri,HARRISON,24
Missouri,HENRY,9
Missouri,HOLT,45
Missouri,HOWARD,25
Missouri,HOWELL,3
Missouri,JACKSON,31
Missouri,JASPER,11
Missouri,JEFFERSON,2
Missouri,JOHNSON,9
Missouri,KNOX,9
Missouri,LACLEDE,3
Missouri,LAFAYETTE,50
Missouri,LAWRENCE,8
Missouri,LEWIS,23
Missouri,LINCOLN,24
Missouri,LINN,16
Missouri,LIVINGSTON,24
Missouri,MACON,17
Missouri,MARION,28
Missouri,MCDONALD,1
Missouri,MERCER,6
Missouri,MILLER,3
Missouri,MISSISSIPPI,40
Missouri,MONITEAU,7
Missouri,MONROE,29
Missouri,MONTGOMERY,14
Missouri,MORGAN,1
Missouri,NEW MADRID,23
Missouri,NEWTON,2
Missouri,NODAWAY,53
Missouri,OSAGE,5
Missouri,PEMISCOT,10
Missouri,PERRY,15
Missouri,PETTIS,17
Missouri,PIKE,23
Missouri,PLATTE,25
Missouri,POLK,4
Missouri,PULASKI,2
Missouri,PUTNAM,3
Missouri,RALLS,16
Missouri,RANDOLPH,7
Missouri,RAY,25
Missouri,RIPLEY,1
Missouri,SAINT CHARLES,33
Missouri,SAINT CLAIR,6
Missouri,SAINT FRANCOIS,1
Missouri,SAINT LOUIS,22
Missouri,SAINT LOUIS CITY,5
Missouri,SAINTE GENEVIEVE,13
Missouri,SALINE,65
Missouri,SCHUYLER,4
Missouri,SCOTLAND,10
Missouri,SCOTT,70
Missouri,SHANNON,1
Missouri,SHELBY,21
Missouri,STODDARD,79
Missouri,STONE,3
Missouri,SULLIVAN,5
Missouri,TANEY,3
Missouri,VERNON,14
Missouri,WARREN,8
Missouri,WASHINGTON,1
Missouri,WEBSTER,1
Missouri,WORTH,5
Missouri,WRIGHT,1
Montana,BIG HORN,4
Montana,BLAINE,2
Montana,BROADWATER,1
Montana,CARBON,1
Montana,CASCADE,1
Montana,CHOUTEAU,3
Montana,CUSTER,5
Montana,DANIELS,1
Montana,DAWSON,5
Montana,DEER LODGE,1
Montana,FALLON,7
Montana,FLATHEAD,3
Montana,GALLATIN,4
Montana,GARFIELD,1
Montana,GLACIER,3
Montana,HILL,5
Montana,JUDITH BASIN,3
Montana,LEWIS AND CLARK,3
Montana,LIBERTY,1
Montana,MADISON,1
Montana,MCKENZIE,1
Montana,MEAGHER,1
Montana,MINERAL,1
Montana,MISSOULA,5
Montana,MUSSELSHELL,1
Montana,PONDERA,3
Montana,PRAIRIE,3
Montana,RAVALLI,1
Montana,RICHLAND,8
Montana,ROOSEVELT,3
Montana,ROSEBUD,3
Montana,SHERIDAN,3
Montana,STILLWATER,1
Montana,SWEET GRASS,1
Montana,TETON,3
Montana,VALLEY,1
Montana,WHEATLAND,3
Montana,YELLOWSTONE,9
Nebraska,ADAMS,144
Nebraska,ANTELOPE,113
Nebraska,BANNER,12
Nebraska,BLAINE,1
Nebraska,BOONE,76
Nebraska,BOX BUTTE,71
Nebraska,BOYD,11
Nebraska,BROWN,29
Nebraska,BUFFALO,146
Nebraska,BURT,52
Nebraska,BUTLER,71
Nebraska,CASS,60
Nebraska,CEDAR,66
Nebraska,CHASE,112
Nebraska,CHERRY,20
Nebraska,CHEYENNE,28
Nebraska,CLAY,103
Nebraska,COLFAX,44
Nebraska,CUMING,74
Nebraska,CUSTER,105
Nebraska,DAKOTA,44
Nebraska,DAWES,4
Nebraska,DAWSON,132
Nebraska,DECATUR,2
Nebraska,DEUEL,17
Nebraska,DIXON,27
Nebraska,DODGE,74
Nebraska,DOUGLAS,102
Nebraska,DUNDY,42
Nebraska,FILLMORE,110
Nebraska,FRANKLIN,47
Nebraska,FRONTIER,42
Nebraska,FURNAS,80
Nebraska,GAGE,76
Nebraska,GARDEN,11
Nebraska,GARFIELD,4
Nebraska,GOSPER,28
Nebraska,GRANT,1
Nebraska,GREELEY,38
Nebraska,HALL,140
Nebraska,HAMILTON,105
Nebraska,HARLAN,38
Nebraska,HAYES,23
Nebraska,HITCHCOCK,29
Nebraska,HOLT,93
Nebraska,HOWARD,48
Nebraska,JEFFERSON,56
Nebraska,JEWELL,1
Nebraska,JOHNSON,5
Nebraska,KEARNEY,95
Nebraska,KEITH,99
Nebraska,KEYA PAHA,5
Nebraska,KIMBALL,13
Nebraska,KNOX,27
Nebraska,LANCASTER,125
Nebraska,LINCOLN,115
Nebraska,LOGAN,9
Nebraska,MADISON,74
Nebraska,MERRICK,70
Nebraska,MORRILL,29
Nebraska,NANCE,13
Nebraska,NEMAHA,30
Nebraska,NUCKOLLS,47
Nebraska,OTOE,55
Nebraska,PAWNEE,10
Nebraska,PERKINS,106
Nebraska,PHELPS,130
Nebraska,PIERCE,60
Nebraska,PLATTE,120
Nebraska,POLK,55
Nebraska,RED WILLOW,79
Nebraska,REPUBLIC,4
Nebraska,RICHARDSON,37
Nebraska,ROCK,6
Nebraska,SALINE,51
Nebraska,SARPY,29
Nebraska,SAUNDERS,69
Nebraska,SCOTTS BLUFF,72
Nebraska,SEWARD,76
Nebraska,SHERIDAN,25
Nebraska,SHERMAN,30
Nebraska,SIOUX,6
Nebraska,STANTON,27
Nebraska,THAYER,81
Nebraska,THURSTON,28
Nebraska,TODD,1
Nebraska,VALLEY,33
Nebraska,WASHINGTON,44
Nebraska,WAYNE,43
Nebraska,WEBSTER,45
Nebraska,WHEELER,9
Nebraska,YORK,122
Nevada,CLARK,14
Nevada,DOUGLAS,1
Nevada,ELKO,1
Nevada,LYON,2
Nevada,PERSHING,2
Nevada,WASHOE,6
New Hampshire,COOS,2
New Hampshire,HILLSBOROUGH,2
New Jersey,BURLINGTON,3
New Jersey,CAMDEN,1
New Jersey,CUMBERLAND,1
New Jersey,HUNTERDON,6
New Jersey,MERCER,3
New Jersey,MIDDLESEX,1
New Jersey,MORRIS,1
New Jersey,SALEM,8
New Jersey,SOMERSET,1
New Jersey,SUSSEX,1
New Jersey,UNION,1
New Jersey,WARREN,5
New Mexico,BERNALILLO,5
New Mexico,CHAVES,12
New Mexico,CURRY,15
New Mexico,DONA ANA,4
New Mexico,HIDALGO,1
New Mexico,LEA,3
New Mexico,LUNA,1
New Mexico,MCKINLEY,2
New Mexico,QUAY,3
New Mexico,RIO ARRIBA,1
New Mexico,ROOSEVELT,8
New Mexico,SAN JUAN,1
New Mexico,SANDOVAL,1
New Mexico,SANTA FE,8
New Mexico,SOCORRO,2
New Mexico,TAOS,1
New Mexico,TORRANCE,4
New Mexico,UNION,2
New Mexico,VALENCIA,2
New York,ALBANY,2
New York,ALLEGANY,6
New York,BROOME,6
New York,CATTARAUGUS,10
New York,CAYUGA,42
New York,CHAUTAUQUA,12
New York,CHENANGO,3
New York,CLINTON,13
New York,COLUMBIA,3
New York,CORTLAND,8
New York,DELAWARE,1
New York,DUTCHESS,8
New York,ERIE,25
New York,FRANKLIN,10
New York,GENESEE,57
New York,HERKIMER,4
New York,JEFFERSON,25
New York,KINGS,7
New York,LEWIS,9
New York,LIVINGSTON,47
New York,MADISON,15
New York,MONROE,31
New York,MONTGOMERY,8
New York,NASSAU,1
New York,NEW YORK,12
New York,NIAGARA,21
New York,ONEIDA,21
New York,ONONDAGA,28
New York,ONTARIO,33
New York,ORANGE,2
New York,ORLEANS,34
New York,OSWEGO,3
New York,OTSEGO,4
New York,RENSSELAER,11
New York,SAINT LAWRENCE,36
New York,SARATOGA,5
New York,SCHOHARIE,1
New York,SCHUYLER,9
New York,SENECA,13
New York,STEUBEN,24
New York,SUFFOLK,5
New York,SULLIVAN,1
New York,TIOGA,3
New York,TOMPKINS,13
New York,ULSTER,2
New York,WASHINGTON,10
New York,WAYNE,12
New York,WYOMING,41
New York,YATES,5
North Carolina,ALAMANCE,1
North Carolina,ALEXANDER,3
North Carolina,ANSON,4
North Carolina,BEAUFORT,45
North Carolina,BERTIE,8
North Carolina,BLADEN,9
North Carolina,BRUNSWICK,8
North Carolina,BUNCOMBE,2
North Carolina,CABARRUS,2
North Carolina,CAMDEN,14
North Carolina,CARTERET,6
North Carolina,CASWELL,1
North Carolina,CATAWBA,4
North Carolina,CHATHAM,2
North Carolina,CHOWAN,5
North Carolina,CLEVELAND,1
North Carolina,COLUMBUS,32
North Carolina,CRAVEN,13
North Carolina,CUMBERLAND,13
North Carolina,CURRITUCK,7
North Carolina,DARE,3
North Carolina,DAVIDSON,1
North Carolina,DAVIE,4
North Carolina,DUPLIN,26
North Carolina,DURHAM,1
North Carolina,EDGECOMBE,9
North Carolina,FORSYTH,1
North Carolina,FRANKLIN,2
North Carolina,GATES,1
North Carolina,GRANVILLE,2
North Carolina,GREENE,7
North Carolina,GUILFORD,3
North Carolina,HALIFAX,5
North Carolina,HARNETT,4
North Carolina,HENDERSON,3
North Carolina,HERTFORD,6
North Carolina,HOKE,3
North Carolina,HYDE,14
North Carolina,IREDELL,13
North Carolina,JOHNSTON,5
North Carolina,JONES,5
North Carolina,LEE,1
North Carolina,LENOIR,15
North Carolina,LINCOLN,2
North Carolina,MARTIN,1
North Carolina,MECKLENBURG,4
North Carolina,MOORE,2
North Carolina,NASH,4
North Carolina,NORTHAMPTON,3
North Carolina,ONSLOW,5
North Carolina,ORANGE,1
North Carolina,PAMLICO,10
North Carolina,PASQUOTANK,9
North Carolina,PENDER,3
North Carolina,PERQUIMANS,2
North Carolina,PERSON,1
North Carolina,PITT,13
North Carolina,RANDOLPH,3
North Carolina,RICHMOND,2
North Carolina,ROBESON,49
North Carolina,ROCKINGHAM,1
North Carolina,ROWAN,6
North Carolina,SAMPSON,23
North Carolina,SCOTLAND,11
North Carolina,STANLY,12
North Carolina,STOKES,2
North Carolina,SURRY,5
North Carolina,TYRRELL,13
North Carolina,UNION,12
North Carolina,WAKE,13
North Carolina,WARREN,1
North Carolina,WASHINGTON,13
North Carolina,WAYNE,14
North Carolina,WILKES,7
North Carolina,WILSON,18
North Carolina,YADKIN,6
North Dakota,ADAMS,11
North Dakota,BARNES,63
North Dakota,BENSON,17
North Dakota,BILLINGS,1
North Dakota,BOTTINEAU,21
North Dakota,BOWMAN,7
North Dakota,BROWN,1
North Dakota,BURKE,2
North Dakota,BURLEIGH,37
North Dakota,CASS,216
North Dakota,CAVALIER,6
North Dakota,DICKEY,85
North Dakota,DIVIDE,1
North Dakota,DUNN,5
North Dakota,EDDY,10
North Dakota,EMMONS,40
North Dakota,FOSTER,36
North Dakota,GOLDEN VALLEY,9
North Dakota,GRAND FORKS,73
North Dakota,GRANT,21
North Dakota,GRIGGS,17
North Dakota,HARDING,3
North Dakota,HETTINGER,17
North Dakota,KIDDER,21
North Dakota,LAMOURE,69
North Dakota,LOGAN,18
North Dakota,MARSHALL,1
North Dakota,MCHENRY,31
North Dakota,MCINTOSH,23
North Dakota,MCLEAN,32
North Dakota,MCPHERSON,5
North Dakota,MERCER,3
North Dakota,MORTON,27
North Dakota,MOUNTRAIL,1
North Dakota,NELSON,10
North Dakota,OLIVER,7
North Dakota,PEMBINA,19
North Dakota,PERKINS,3
North Dakota,PIERCE,5
North Dakota,RAMSEY,27
North Dakota,RANSOM,56
North Dakota,RENVILLE,8
North Dakota,RICHLAND,181
North Dakota,ROBERTS,1
North Dakota,ROLETTE,4
North Dakota,SARGENT,65
North Dakota,SHERIDAN,16
North Dakota,SIOUX,9
North Dakota,SLOPE,5
North Dakota,STARK,18
North Dakota,STEELE,33
North Dakota,STUTSMAN,83
North Dakota,TOWNER,12
North Dakota,TRAILL,47
North Dakota,TRAVERSE,1
North Dakota,WALSH,27
North Dakota,WARD,22
North Dakota,WELLS,47
North Dakota,WILKIN,1
North Dakota,WILLIAMS,5
Ohio,ADAMS,5
Ohio,ALLEN,35
Ohio,ASHLAND,19
Ohio,ASHTABULA,10
Ohio,ATHENS,3
Ohio,AUGLAIZE,23
Ohio,BELMONT,3
Ohio,BROWN,14
Ohio,BUTLER,21
Ohio,CARROLL,9
Ohio,CHAMPAIGN,42
Ohio,CLARK,34
Ohio,CLERMONT,5
Ohio,CLINTON,41
Ohio,COLUMBIANA,10
Ohio,COSHOCTON,12
Ohio,CRAWFORD,40
Ohio,CUYAHOGA,3
Ohio,DARKE,54
Ohio,DEFIANCE,17
Ohio,DELAWARE,23
Ohio,ERIE,21
Ohio,FAIRFIELD,35
Ohio,FAYETTE,44
Ohio,FRANKLIN,27
Ohio,FULTON,48
Ohio,GEAUGA,1
Ohio,GREENE,29
Ohio,GUERNSEY,2
Ohio,HAMILTON,5
Ohio,HANCOCK,29
Ohio,HARDIN,31
Ohio,HARRISON,3
Ohio,HENRY,39
Ohio,HIGHLAND,16
Ohio,HOLMES,12
Ohio,HURON,42
Ohio,JACKSON,3
Ohio,JEFFERSON,2
Ohio,KNOX,27
Ohio,LAKE,1
Ohio,LICKING,42
Ohio,LOGAN,43
Ohio,LORAIN,22
Ohio,LUCAS,19
Ohio,MADISON,39
Ohio,MAHONING,16
Ohio,MARION,38
Ohio,MEDINA,9
Ohio,MERCER,67
Ohio,MIAMI,40
Ohio,MONROE,1
Ohio,MONTGOMERY,23
Ohio,MORGAN,1
Ohio,MORROW,21
Ohio,MUSKINGUM,11
Ohio,OTTAWA,6
Ohio,PAULDING,35
Ohio,PERRY,10
Ohio,PICKAWAY,63
Ohio,PIKE,5
Ohio,PORTAGE,9
Ohio,PREBLE,36
Ohio,PUTNAM,30
Ohio,RICHLAND,27
Ohio,ROSS,31
Ohio,SANDUSKY,27
Ohio,SCIOTO,3
Ohio,SENECA,42
Ohio,SHELBY,30
Ohio,STARK,17
Ohio,SUMMIT,2
Ohio,TRUMBULL,10
Ohio,TUSCARAWAS,9
Ohio,UNION,39
Ohio,VAN WERT,37
Ohio,WARREN,17
Ohio,WASHINGTON,2
Ohio,WAYNE,29
Ohio,WILLIAMS,33
Ohio,WOOD,40
Ohio,WYANDOT,37
Oklahoma,ADAIR,1
Oklahoma,ALFALFA,5
Oklahoma,ATOKA,2
Oklahoma,BEAVER,3
Oklahoma,BLAINE,1
Oklahoma,BRYAN,3
Oklahoma,CADDO,3
Oklahoma,CANADIAN,2
Oklahoma,CARTER,2
Oklahoma,CHOCTAW,2
Oklahoma,CIMARRON,17
Oklahoma,CLEVELAND,5
Oklahoma,COMANCHE,4
Oklahoma,CRAIG,1
Oklahoma,CREEK,2
Oklahoma,CUSTER,1
Oklahoma,DELAWARE,1
Oklahoma,DEWEY,1
Oklahoma,GARFIELD,9
Oklahoma,GARVIN,2
Oklahoma,GRADY,5
Oklahoma,GRANT,7
Oklahoma,HARPER,1
Oklahoma,HUGHES,1
Oklahoma,JEFFERSON,1
Oklahoma,JOHNSTON,1
Oklahoma,KAY,11
Oklahoma,KINGFISHER,7
Oklahoma,KIOWA,2
Oklahoma,LATIMER,1
Oklahoma,LE FLORE,1
Oklahoma,LOGAN,1
Oklahoma,MAJOR,1
Oklahoma,MAYES,2
Oklahoma,MCCURTAIN,4
Oklahoma,MURRAY,1
Oklahoma,MUSKOGEE,2
Oklahoma,NOBLE,2
Oklahoma,OKLAHOMA,16
Oklahoma,OKMULGEE,7
Oklahoma,OTTAWA,5
Oklahoma,PAWNEE,1
Oklahoma,PAYNE,6
Oklahoma,POTTAWATOMIE,4
Oklahoma,ROGER MILLS,1
Oklahoma,ROGERS,1
Oklahoma,SEMINOLE,1
Oklahoma,SEQUOYAH,2
Oklahoma,TEXAS,46
Oklahoma,TILLMAN,9
Oklahoma,TULSA,13
Oklahoma,WAGONER,4
Oklahoma,WASHINGTON,3
Oklahoma,WASHITA,1
Oklahoma,WOODS,4
Oklahoma,WOODWARD,1
Oregon,BENTON,3
Oregon,CLACKAMAS,6
Oregon,CLATSOP,1
Oregon,GRANT,1
Oregon,JACKSON,1
Oregon,LANE,1
Oregon,LINCOLN,1
Oregon,LINN,4
Oregon,MALHEUR,10
Oregon,MARION,8
Oregon,MORROW,12
Oregon,MULTNOMAH,7
Oregon,POLK,3
Oregon,TILLAMOOK,1
Oregon,UMATILLA,28
Oregon,UNION,1
Oregon,WALLOWA,1
Oregon,WASCO,1
Oregon,WASHINGTON,4
Oregon,YAMHILL,1
Pennsylvania,ADAMS,17
Pennsylvania,ALLEGHENY,1
Pennsylvania,ARMSTRONG,2
Pennsylvania,BEAVER,1
Pennsylvania,BEDFORD,4
Pennsylvania,BERKS,18
Pennsylvania,BLAIR,11
Pennsylvania,BRADFORD,7
Pennsylvania,BUCKS,10
Pennsylvania,BUTLER,11
Pennsylvania,CAMBRIA,2
Pennsylvania,CARBON,1
Pennsylvania,CENTRE,6
Pennsylvania,CHESTER,22
Pennsylvania,CLARION,4
Pennsylvania,CLINTON,6
Pennsylvania,COLUMBIA,5
Pennsylvania,CRAWFORD,16
Pennsylvania,CUMBERLAND,13
Pennsylvania,DAUPHIN,7
Pennsylvania,DELAWARE,1
Pennsylvania,ELK,1
Pennsylvania,ERIE,8
Pennsylvania,FAYETTE,2
Pennsylvania,FOREST,1
Pennsylvania,FRANKLIN,29
Pennsylvania,FULTON,1
Pennsylvania,GREENE,1
Pennsylvania,HUNTINGDON,7
Pennsylvania,INDIANA,6
Pennsylvania,JEFFERSON,1
Pennsylvania,JUNIATA,4
Pennsylvania,LACKAWANNA,1
Pennsylvania,LANCASTER,50
Pennsylvania,LAWRENCE,4
Pennsylvania,LEBANON,12
Pennsylvania,LEHIGH,9
Pennsylvania,LYCOMING,2
Pennsylvania,MCKEAN,1
Pennsylvania,MERCER,5
Pennsylvania,MIFFLIN,4
Pennsylvania,MONTGOMERY,5
Pennsylvania,MONTOUR,1
Pennsylvania,NORTHAMPTON,13
Pennsylvania,NORTHUMBERLAND,19
Pennsylvania,PERRY,3
Pennsylvania,PHILADELPHIA,1
Pennsylvania,POTTER,1
Pennsylvania,SCHUYLKILL,11
Pennsylvania,SNYDER,8
Pennsylvania,SOMERSET,7
Pennsylvania,SULLIVAN,1
Pennsylvania,SUSQUEHANNA,1
Pennsylvania,TIOGA,3
Pennsylvania,UNION,5
Pennsylvania,VENANGO,2
Pennsylvania,WARREN,1
Pennsylvania,WASHINGTON,1
Pennsylvania,WESTMORELAND,3
Pennsylvania,WYOMING,2
Pennsylvania,YORK,42
Puerto Rico,CIDRA,1
Puerto Rico,MOCA,1
Rhode Island,PROVIDENCE,1
South Carolina,AIKEN,7
South Carolina,ALLENDALE,6
South Carolina,ANDERSON,1
South Carolina,BAMBERG,7
South Carolina,BARNWELL,2
South Carolina,BEAUFORT,1
South Carolina,BERKELEY,2
South Carolina,CALHOUN,3
South Carolina,CHARLESTON,3
South Carolina,CLARENDON,28
South Carolina,COLLETON,6
South Carolina,DARLINGTON,12
South Carolina,DILLON,10
South Carolina,DORCHESTER,4
South Carolina,FLORENCE,12
South Carolina,GREENVILLE,4
South Carolina,HAMPTON,4
South Carolina,HORRY,14
South Carolina,KERSHAW,3
South Carolina,LANCASTER,1
South Carolina,LEE,9
South Carolina,LEXINGTON,4
South Carolina,MARION,6
South Carolina,MARLBORO,6
South Carolina,NEWBERRY,6
South Carolina,ORANGEBURG,14
South Carolina,PICKENS,1
South Carolina,RICHLAND,8
South Carolina,SPARTANBURG,1
South Carolina,SUMTER,28
South Carolina,WILLIAMSBURG,13
South Carolina,YORK,1
South Dakota,AURORA,22
South Dakota,BEADLE,80
South Dakota,BENNETT,8
South Dakota,BON HOMME,21
South Dakota,BROOKINGS,86
South Dakota,BROWN,202
South Dakota,BRULE,23
South Dakota,BUFFALO,10
South Dakota,BUTTE,1
South Dakota,CAMPBELL,18
South Dakota,CHARLES MIX,66
South Dakota,CLARK,54
South Dakota,CLAY,44
South Dakota,CODINGTON,68
South Dakota,CORSON,11
South Dakota,CUSTER,3
South Dakota,DAVISON,57
South Dakota,DAY,50
South Dakota,DEUEL,35
South Dakota,DEWEY,16
South Dakota,DOUGLAS,24
South Dakota,EDMUNDS,69
South Dakota,EMMONS,5
South Dakota,FALL RIVER,1
South Dakota,FAULK,43
South Dakota,GRANT,57
South Dakota,GREGORY,11
South Dakota,HAAKON,10
South Dakota,HAMLIN,45
South Dakota,HAND,94
South Dakota,HANSON,33
South Dakota,HARDING,4
South Dakota,HUGHES,59
South Dakota,HUTCHINSON,49
South Dakota,HYDE,27
South Dakota,JACKSON,1
South Dakota,JERAULD,33
South Dakota,JONES,10
South Dakota,KINGSBURY,52
South Dakota,LAKE,53
South Dakota,LAWRENCE,5
South Dakota,LINCOLN,56
South Dakota,LYMAN,28
South Dakota,MARSHALL,54
South Dakota,MCCOOK,40
South Dakota,MCPHERSON,23
South Dakota,MEADE,5
South Dakota,MELLETTE,3
South Dakota,MINER,34
South Dakota,MINNEHAHA,124
South Dakota,MOODY,45
South Dakota,OGLALA LAKOTA,1
South Dakota,PENNINGTON,35
South Dakota,PERKINS,7
South Dakota,PIPESTONE,1
South Dakota,POTTER,72
South Dakota,RICHLAND,2
South Dakota,ROBERTS,55
South Dakota,ROCK,4
South Dakota,SANBORN,21
South Dakota,SIOUX,2
South Dakota,SPINK,137
South Dakota,STANLEY,12
South Dakota,SULLY,62
South Dakota,TODD,3
South Dakota,TRIPP,38
South Dakota,TURNER,49
South Dakota,UNION,48
South Dakota,WALWORTH,26
South Dakota,YANKTON,40
South Dakota,ZIEBACH,1
Tennessee,ANDERSON,1
Tennessee,BEDFORD,1
Tennessee,BENTON,1
Tennessee,BLOUNT,3
Tennessee,CARROLL,28
Tennessee,CHEATHAM,1
Tennessee,CHESTER,2
Tennessee,CLAIBORNE,1
Tennessee,COFFEE,5
Tennessee,CROCKETT,14
Tennessee,CUMBERLAND,2
Tennessee,DAVIDSON,6
Tennessee,DEKALB,1
Tennessee,DICKSON,1
Tennessee,DYER,21
Tennessee,FAYETTE,18
Tennessee,FRANKLIN,9
Tennessee,GIBSON,57
Tennessee,GILES,8
Tennessee,GREENE,3
Tennessee,HAMBLEN,3
Tennessee,HAMILTON,4
Tennessee,HARDEMAN,5
Tennessee,HARDIN,3
Tennessee,HAWKINS,1
Tennessee,HAYWOOD,20
Tennessee,HENDERSON,1
Tennessee,HENRY,18
Tennessee,HICKMAN,3
Tennessee,KNOX,4
Tennessee,LAKE,6
Tennessee,LAUDERDALE,17
Tennessee,LAWRENCE,7
Tennessee,LINCOLN,8
Tennessee,LOUDON,6
Tennessee,MACON,3
Tennessee,MADISON,24
Tennessee,MARION,2
Tennessee,MARSHALL,2
Tennessee,MAURY,2
Tennessee,MCMINN,2
Tennessee,MONROE,3
Tennessee,MONTGOMERY,6
Tennessee,OBION,46
Tennessee,POLK,1
Tennessee,PUTNAM,1
Tennessee,ROBERTSON,33
Tennessee,RUTHERFORD,6
Tennessee,SHELBY,31
Tennessee,SMITH,2
Tennessee,SULLIVAN,2
Tennessee,SUMNER,5
Tennessee,TIPTON,21
Tennessee,WARREN,2
Tennessee,WAYNE,1
Tennessee,WEAKLEY,39
Tennessee,WHITE,1
Tennessee,WILLIAMSON,3
Tennessee,WILSON,2
Texas,ANDERSON,1
Texas,ARMSTRONG,1
Texas,ATASCOSA,2
Texas,AUSTIN,4
Texas,BAILEY,8
Texas,BASTROP,3
Texas,BAYLOR,2
Texas,BEE,11
Texas,BELL,47
Texas,BEXAR,18
Texas,BORDEN,1
Texas,BOSQUE,4
Texas,BOWIE,15
Texas,BRAZORIA,11
Texas,BRAZOS,13
Texas,BROWN,1
Texas,BURLESON,2
Texas,BURNET,3
Texas,CALDWELL,5
Texas,CALHOUN,16
Texas,CALLAHAN,1
Texas,CAMERON,9
Texas,CAMP,1
Texas,CARSON,15
Texas,CASTRO,27
Texas,CHAMBERS,1
Texas,CHILDRESS,1
Texas,COCHRAN,4
Texas,COKE,1
Texas,COLEMAN,1
Texas,COLLIN,20
Texas,COLORADO,12
Texas,COMAL,5
Texas,COMANCHE,8
Texas,COOKE,1
Texas,CORYELL,3
Texas,DALLAM,67
Texas,DALLAS,40
Texas,DAWSON,2
Texas,DE WITT,3
Texas,DEAF SMITH,18
Texas,DELTA,5
Texas,DENTON,18
Texas,DONLEY,1
Texas,DUVAL,2
Texas,EASTLAND,3
Texas,ECTOR,2
Texas,ELLIS,26
Texas,ERATH,1
Texas,FALLS,39
Texas,FANNIN,13
Texas,FAYETTE,10
Texas,FLOYD,9
Texas,FORT BEND,17
Texas,FRANKLIN,1
Texas,FRIO,8
Texas,GAINES,10
Texas,GALVESTON,3
Texas,GOLIAD,3
Texas,GONZALES,1
Texas,GRAY,6
Texas,GRAYSON,15
Texas,GUADALUPE,10
Texas,HALE,22
Texas,HANSFORD,49
Texas,HARRIS,45
Texas,HARRISON,1
Texas,HARTLEY,46
Texas,HASKELL,2
Texas,HAYS,4
Texas,HEMPHILL,1
Texas,HENDERSON,1
Texas,HIDALGO,21
Texas,HILL,46
Texas,HOCKLEY,5
Texas,HOOD,3
Texas,HOPKINS,1
Texas,HOWARD,2
Texas,HUNT,4
Texas,HUTCHINSON,8
Texas,JACKSON,47
Texas,JEFFERSON,1
Texas,JIM WELLS,11
Texas,JOHNSON,6
Texas,JONES,1
Texas,KARNES,5
Texas,KAUFMAN,5
Texas,KERR,2
Texas,KLEBERG,4
Texas,LAMAR,11
Texas,LAMB,23
Texas,LAMPASAS,2
Texas,LAVACA,2
Texas,LIMESTONE,2
Texas,LIPSCOMB,4
Texas,LIVE OAK,4
Texas,LLANO,2
Texas,LUBBOCK,24
Texas,LYNN,1
Texas,MADISON,6
Texas,MATAGORDA,30
Texas,MAVERICK,1
Texas,MCCULLOCH,1
Texas,MCLENNAN,54
Texas,MEDINA,26
Texas,MIDLAND,6
Texas,MILAM,13
Texas,MONTAGUE,1
Texas,MONTGOMERY,3
Texas,MOORE,49
Texas,MOTLEY,1
Texas,NAVARRO,6
Texas,NUECES,27
Texas,OCHILTREE,13
Texas,OLDHAM,1
Texas,ORANGE,1
Texas,PARKER,9
Texas,PARMER,23
Texas,POLK,1
Texas,POTTER,31
Texas,RANDALL,25
Texas,RED RIVER,4
Texas,REFUGIO,4
Texas,ROBERTS,2
Texas,ROBERTSON,3
Texas,ROCKWALL,5
Texas,RUNNELS,2
Texas,RUSK,1
Texas,SAN JACINTO,1
Texas,SAN PATRICIO,18
Texas,SHERMAN,36
Texas,SMITH,2
Texas,STARR,1
Texas,STONEWALL,1
Texas,SWISHER,6
Texas,TARRANT,26
Texas,TAYLOR,1
Texas,TERRELL,1
Texas,TERRY,6
Texas,TITUS,2
Texas,TOM GREEN,9
Texas,TRAVIS,23
Texas,UPSHUR,1
Texas,UPTON,1
Texas,UVALDE,8
Texas,VAN ZANDT,1
Texas,VICTORIA,16
Texas,WALKER,2
Texas,WALLER,5
Texas,WASHINGTON,3
Texas,WHARTON,87
Texas,WICHITA,4
Texas,WILLACY,3
Texas,WILLIAMSON,49
Texas,WILSON,2
Texas,WOOD,1
Texas,YOAKUM,3
Utah,BOX ELDER,6
Utah,CACHE,5
Utah,DAVIS,2
Utah,DUCHESNE,1
Utah,JUAB,2
Utah,MILLARD,5
Utah,SALT LAKE,11
Utah,SAN JUAN,1
Utah,SANPETE,3
Utah,SEVIER,1
Utah,SUMMIT,1
Utah,UTAH,5
Utah,WASATCH,1
Utah,WASHINGTON,1
Utah,WEBER,4
Vermont,ADDISON,22
Vermont,CALEDONIA,1
Vermont,FRANKLIN,17
Vermont,LAMOILLE,1
Vermont,ORANGE,2
Vermont,ORLEANS,12
Vermont,RUTLAND,1
Vermont,WASHINGTON,1
Vermont,WINDHAM,2
Virgin Islands,SAINT THOMAS,1
Virginia,ACCOMACK,13
Virginia,ALBEMARLE,2
Virginia,ALEXANDRIA CITY,2
Virginia,AMELIA,1
Virginia,APPOMATTOX,2
Virginia,ARLINGTON,1
Virginia,AUGUSTA,4
Virginia,BEDFORD,1
Virginia,BLAND,1
Virginia,CAMPBELL,1
Virginia,CAROLINE,7
Virginia,CHARLES CITY,4
Virginia,CHESAPEAKE CITY,3
Virginia,CLARKE,1
Virginia,CULPEPER,3
Virginia,CUMBERLAND,2
Virginia,DINWIDDIE,2
Virginia,ESSEX,10
Virginia,FAIRFAX,10
Virginia,FAIRFAX CITY,1
Virginia,FAUQUIER,9
Virginia,FRANKLIN,3
Virginia,FREDERICK,2
Virginia,GLOUCESTER,1
Virginia,GOOCHLAND,4
Virginia,HALIFAX,1
Virginia,HANOVER,10
Virginia,HENRICO,3
Virginia,ISLE OF WIGHT,4
Virginia,KING AND QUEEN,4
Virginia,KING GEORGE,3
Virginia,KING WILLIAM,4
Virginia,LANCASTER,2
Virginia,LOUDOUN,5
Virginia,MADISON,7
Virginia,MECKLENBURG,1
Virginia,MIDDLESEX,3
Virginia,MONTGOMERY,2
Virginia,NEW KENT,2
Virginia,NEWPORT NEWS CITY,2
Virginia,NORTHAMPTON,3
Virginia,NORTHUMBERLAND,6
Virginia,ORANGE,4
Virginia,PAGE,1
Virginia,PITTSYLVANIA,4
Virginia,POWHATAN,1
Virginia,PRINCE GEORGE,2
Virginia,PRINCE WILLIAM,7
Virginia,PULASKI,1
Virginia,RICHMOND,2
Virginia,RICHMOND CITY,4
Virginia,ROANOKE CITY,2
Virginia,ROCKBRIDGE,3
Virginia,ROCKINGHAM,14
Virginia,RUSSELL,1
Virginia,SHENANDOAH,3
Virginia,SOUTHAMPTON,1
Virginia,SPOTSYLVANIA,1
Virginia,STAFFORD,2
Virginia,SUFFOLK CITY,4
Virginia,SURRY,3
Virginia,SUSSEX,2
Virginia,VIRGINIA BEACH CITY,12
Virginia,WASHINGTON,1
Virginia,WESTMORELAND,5
Virginia,WYTHE,2
Virginia,YORK,1
Washington,ADAMS,8
Washington,BENTON,14
Washington,CHELAN,1
Washington,CLALLAM,1
Washington,CLARK,4
Washington,DOUGLAS,3
Washington,FRANKLIN,22
Washington,GARFIELD,1
Washington,GRANT,51
Washington,ISLAND,1
Washington,JEFFERSON,2
Washington,KING,18
Washington,KITTITAS,2
Washington,KLICKITAT,1
Washington,LEWIS,1
Washington,LINCOLN,1
Washington,OKANOGAN,1
Washington,SAN JUAN,1
Washington,SKAGIT,3
Washington,SNOHOMISH,4
Washington,SPOKANE,2
Washington,THURSTON,3
Washington,WALLA WALLA,8
Washington,WHATCOM,6
Washington,WHITMAN,6
Washington,YAKIMA,26
West Virginia,BERKELEY,1
West Virginia,GREENBRIER,1
West Virginia,HARDY,2
West Virginia,JEFFERSON,7
West Virginia,KANAWHA,1
West Virginia,MASON,1
West Virginia,MINERAL,1
West Virginia,OHIO,1
West Virginia,PENDLETON,1
West Virginia,PUTNAM,2
West Virginia,RALEIGH,2
West Virginia,TYLER,1
Wisconsin,ADAMS,12
Wisconsin,BARRON,37
Wisconsin,BROWN,41
Wisconsin,BUFFALO,27
Wisconsin,BURNETT,5
Wisconsin,CALUMET,23
Wisconsin,CHIPPEWA,47
Wisconsin,CLARK,36
Wisconsin,COLUMBIA,52
Wisconsin,CRAWFORD,11
Wisconsin,DANE,124
Wisconsin,DODGE,66
Wisconsin,DOOR,17
Wisconsin,DUNN,45
Wisconsin,EAU CLAIRE,19
Wisconsin,FOND DU LAC,47
Wisconsin,GRANT,55
Wisconsin,GREEN,41
Wisconsin,GREEN LAKE,20
Wisconsin,IOWA,15
Wisconsin,JACKSON,23
Wisconsin,JEFFERSON,39
Wisconsin,JUNEAU,20
Wisconsin,KENOSHA,15
Wisconsin,KEWAUNEE,19
Wisconsin,LA CROSSE,16
Wisconsin,LAFAYETTE,57
Wisconsin,LANGLADE,3
Wisconsin,LINCOLN,3
Wisconsin,MANITOWOC,25
Wisconsin,MARATHON,50
Wisconsin,MARINETTE,18
Wisconsin,MARQUETTE,20
Wisconsin,MILWAUKEE,5
Wisconsin,MONROE,16
Wisconsin,OCONTO,22
Wisconsin,ONEIDA,2
Wisconsin,OUTAGAMIE,48
Wisconsin,OZAUKEE,9
Wisconsin,PEPIN,5
Wisconsin,PIERCE,56
Wisconsin,POLK,27
Wisconsin,PORTAGE,34
Wisconsin,PRICE,3
Wisconsin,RACINE,28
Wisconsin,RICHLAND,14
Wisconsin,ROCK,99
Wisconsin,RUSK,3
Wisconsin,SAINT CROIX,50
Wisconsin,SAUK,22
Wisconsin,SAWYER,6
Wisconsin,SHAWANO,19
Wisconsin,SHEBOYGAN,28
Wisconsin,TAYLOR,8
Wisconsin,TREMPEALEAU,44
Wisconsin,VERNON,23
Wisconsin,WALWORTH,51
Wisconsin,WASHBURN,6
Wisconsin,WASHINGTON,21
Wisconsin,WAUKESHA,18
Wisconsin,WAUPACA,27
Wisconsin,WAUSHARA,20
Wisconsin,WINNEBAGO,21
Wisconsin,WOOD,11
Wyoming,ALBANY,2
Wyoming,BANNER,1
Wyoming,BIG HORN,4
Wyoming,CAMPBELL,2
Wyoming,CARBON,1
Wyoming,CONVERSE,3
Wyoming,GOSHEN,10
Wyoming,JOHNSON,1
Wyoming,LARAMIE,22
Wyoming,NATRONA,4
Wyoming,NIOBRARA,2
Wyoming,PARK,5
Wyoming,PLATTE,4
Wyoming,SHERIDAN,3
Wyoming,SWEETWATER,1
Wyoming,TETON,2
Wyoming,WASHAKIE,2
Wyoming,WESTON,1